circuit_graph_label,circuit,graph_x,graph_y,rank,configs_tied_for_best_routing,best_routing_steps,mean_routing_steps,median_routing_steps,sample_count,best_run_count,best_duration_seconds,mean_duration_seconds,magic_high,magic_low,cnot_high,cnot_low,mapped_gaussian_weight,base_gaussian_weight,weight_config
19qubits_511gate_153layers-10x10,19qubits_511gate_153layers,10,10,1,1,107.0,115.66666666666667,115.0,6,1,0.040029,0.058059999999999994,1.55,0.56,1.55,0.56,0.74,1.0,M 1.55/0.56 | C 1.55/0.56 | G 0.74/1
19qubits_511gate_153layers-14x14,19qubits_511gate_153layers,14,14,1,1,99.0,101.33333333333333,101.0,6,1,0.296099,0.06903366666666666,1.55,0.56,1.55,0.56,0.74,1.0,M 1.55/0.56 | C 1.55/0.56 | G 0.74/1
19qubits_521gate_352layers-10x10,19qubits_521gate_352layers,10,10,1,1,295.0,297.5,297.5,6,3,0.088274,0.24399933333333335,1.55,0.56,1.55,0.56,0.74,1.0,M 1.55/0.56 | C 1.55/0.56 | G 0.74/1
19qubits_521gate_352layers-14x14,19qubits_521gate_352layers,14,14,1,1,286.0,286.0,286.0,6,6,0.019794,0.0639055,1.55,0.56,1.55,0.56,0.74,1.0,M 1.55/0.56 | C 1.55/0.56 | G 0.74/1
53qubits_155gate_57layers-12x12,53qubits_155gate_57layers,12,12,1,1,23.0,23.0,23.0,2,2,0.027297,0.0351345,1.55,0.56,1.55,0.56,0.74,1.0,M 1.55/0.56 | C 1.55/0.56 | G 0.74/1
53qubits_155gate_57layers-16x16,53qubits_155gate_57layers,16,16,1,1,23.0,23.0,23.0,1,1,2.003122,2.003122,1.55,0.56,1.55,0.56,0.74,1.0,M 1.55/0.56 | C 1.55/0.56 | G 0.74/1
53qubits_332gate_152layers-14x14,53qubits_332gate_152layers,14,14,1,1,41.0,41.0,41.0,2,2,0.076146,0.10900599999999999,1.55,0.56,1.55,0.56,0.74,1.0,M 1.55/0.56 | C 1.55/0.56 | G 0.74/1
53qubits_332gate_152layers-18x18,53qubits_332gate_152layers,18,18,1,1,41.0,41.0,41.0,1,1,9.767482,9.767482,1.55,0.56,1.55,0.56,0.74,1.0,M 1.55/0.56 | C 1.55/0.56 | G 0.74/1
adder_n4-4x4,adder_n4,4,4,1,40,9.0,9.0,9.0,13,13,0.010439,0.012800076923076923,1.5,0.5,1.5,0.5,0.8,1.0,M 1.5/0.5 | C 1.5/0.5 | G 0.8/1
adder_n4-4x4,adder_n4,4,4,2,40,9.0,9.0,9.0,1,1,0.010741,0.010741,1.6,0.6,1.6,0.6,0.8,1.0,M 1.6/0.6 | C 1.6/0.6 | G 0.8/1
adder_n4-4x4,adder_n4,4,4,3,40,9.0,9.0,9.0,1,1,0.01105,0.01105,1.8,0.7,1.8,0.7,0.6,0.9,M 1.8/0.7 | C 1.8/0.7 | G 0.6/0.9
adder_n4-5x5,adder_n4,5,5,1,40,8.0,8.333333333333334,8.0,3,2,0.011477,0.01188,1.6,0.6,1.6,0.6,0.5,0.8,M 1.6/0.6 | C 1.6/0.6 | G 0.5/0.8
adder_n4-5x5,adder_n4,5,5,2,40,8.0,8.333333333333334,8.0,3,2,0.011827,0.014341333333333333,1.6,0.6,1.6,0.6,0.6,0.9,M 1.6/0.6 | C 1.6/0.6 | G 0.6/0.9
adder_n4-5x5,adder_n4,5,5,3,40,8.0,8.333333333333334,8.0,3,2,0.012104,0.013703000000000002,1.8,0.7,1.8,0.7,0.6,0.9,M 1.8/0.7 | C 1.8/0.7 | G 0.6/0.9
adder_n4-8x8,adder_n4,8,8,1,40,8.0,8.1,8.0,20,18,0.009791,0.016141900000000004,1.6,0.6,1.6,0.6,1.2,1.4,M 1.6/0.6 | C 1.6/0.6 | G 1.2/1.4
adder_n4-8x8,adder_n4,8,8,2,40,8.0,8.5,8.5,60,30,0.013159,0.02118771666666667,1.5,0.5,1.5,0.5,0.8,1.0,M 1.5/0.5 | C 1.5/0.5 | G 0.8/1
adder_n4-8x8,adder_n4,8,8,3,40,8.0,8.5,8.5,4,2,0.019091,0.02008075,1.2,0.4,1.2,0.4,0.7,1.0,M 1.2/0.4 | C 1.2/0.4 | G 0.7/1
adder_n4-60x60,adder_n4,60,60,1,1,9.0,9.0,9.0,2,2,0.441505,0.4629635,1.5,0.5,1.5,0.5,0.8,1.0,M 1.5/0.5 | C 1.5/0.5 | G 0.8/1
adder_n64_transpiled-17x17,adder_n64_transpiled,17,17,1,2,201.0,201.0,201.0,1,1,4.582026,4.582026,1.5,0.5,1.5,0.5,0.7,1.0,M 1.5/0.5 | C 1.5/0.5 | G 0.7/1
adder_n64_transpiled-17x17,adder_n64_transpiled,17,17,2,2,201.0,207.6153846153846,205.0,13,2,4.12177,4.860868692307692,1.5,0.5,1.5,0.5,0.8,1.0,M 1.5/0.5 | C 1.5/0.5 | G 0.8/1
adder_n64_transpiled-17x17,adder_n64_transpiled,17,17,3,2,202.0,202.0,202.0,1,1,5.579462,5.579462,1.4,0.4,1.4,0.4,0.7,1.0,M 1.4/0.4 | C 1.4/0.4 | G 0.7/1
adder_n64_transpiled-18x18,adder_n64_transpiled,18,18,1,1,193.0,201.21052631578948,198.0,19,2,3.805563,4.619248631578947,1.5,0.5,1.5,0.5,0.8,1.0,M 1.5/0.5 | C 1.5/0.5 | G 0.8/1
adder_n64_transpiled-18x18,adder_n64_transpiled,18,18,2,1,198.0,198.0,198.0,1,1,6.850753,6.850753,1.2,0.4,1.2,0.4,0.6,0.9,M 1.2/0.4 | C 1.2/0.4 | G 0.6/0.9
adder_n64_transpiled-18x18,adder_n64_transpiled,18,18,3,1,198.0,198.0,198.0,1,1,7.297342,7.297342,1.4,0.4,1.4,0.4,0.7,1.0,M 1.4/0.4 | C 1.4/0.4 | G 0.7/1
adder_n64_transpiled-19x19,adder_n64_transpiled,19,19,1,1,199.0,202.66666666666666,202.0,6,2,4.035339,5.075877666666667,1.5,0.5,1.5,0.5,0.8,1.0,M 1.5/0.5 | C 1.5/0.5 | G 0.8/1
adder_n64_transpiled-19x19,adder_n64_transpiled,19,19,2,1,293.0,319.5,323.0,4,1,2.631769,8.151839500000001,1.6,0.6,1.6,0.6,1.2,1.4,M 1.6/0.6 | C 1.6/0.6 | G 1.2/1.4
adder_n64_transpiled-23x23,adder_n64_transpiled,23,23,1,37,181.0,183.5,183.5,2,1,2.868538,2.861858,1.6,0.6,1.6,0.6,0.6,0.9,M 1.6/0.6 | C 1.6/0.6 | G 0.6/0.9
adder_n64_transpiled-23x23,adder_n64_transpiled,23,23,2,37,181.0,185.0,185.0,2,1,2.769136,2.817095,1.6,0.6,1.6,0.6,0.5,0.8,M 1.6/0.6 | C 1.6/0.6 | G 0.5/0.8
adder_n64_transpiled-23x23,adder_n64_transpiled,23,23,3,37,181.0,185.0,185.0,2,1,2.934516,2.8676554999999997,1.8,0.7,1.8,0.7,0.6,0.9,M 1.8/0.7 | C 1.8/0.7 | G 0.6/0.9
adder_n64_transpiled-24x24,adder_n64_transpiled,24,24,1,34,181.0,184.5,184.5,2,1,4.207977,4.0831965,1.6,0.6,1.6,0.6,0.7,1.0,M 1.6/0.6 | C 1.6/0.6 | G 0.7/1
adder_n64_transpiled-24x24,adder_n64_transpiled,24,24,2,34,181.0,185.5,185.5,2,1,5.186676,4.495951,1.2,0.4,1.2,0.4,0.5,0.8,M 1.2/0.4 | C 1.2/0.4 | G 0.5/0.8
adder_n64_transpiled-24x24,adder_n64_transpiled,24,24,3,34,181.0,187.0,187.0,2,1,3.946022,3.930447,1.2,0.4,1.2,0.4,0.6,0.9,M 1.2/0.4 | C 1.2/0.4 | G 0.6/0.9
adder_n64_transpiled-60x60,adder_n64_transpiled,60,60,1,1,191.0,194.5,194.5,2,1,8.473333,14.2488945,1.5,0.5,1.5,0.5,0.8,1.0,M 1.5/0.5 | C 1.5/0.5 | G 0.8/1
bigadder_n18_transpiled-9x9,bigadder_n18_transpiled,9,9,1,21,90.0,90.0,90.0,1,1,0.129624,0.129624,1.6,0.6,1.6,0.6,0.8,1.0,M 1.6/0.6 | C 1.6/0.6 | G 0.8/1
bigadder_n18_transpiled-9x9,bigadder_n18_transpiled,9,9,2,21,90.0,90.0,90.0,1,1,0.133775,0.133775,1.6,0.6,1.6,0.6,1.0,1.2,M 1.6/0.6 | C 1.6/0.6 | G 1/1.2
bigadder_n18_transpiled-9x9,bigadder_n18_transpiled,9,9,3,21,90.0,90.0,90.0,1,1,0.133916,0.133916,1.8,0.7,1.8,0.7,0.9,1.1,M 1.8/0.7 | C 1.8/0.7 | G 0.9/1.1
bigadder_n18_transpiled-10x10,bigadder_n18_transpiled,10,10,1,9,88.0,88.0,88.0,1,1,0.212684,0.212684,1.5,0.5,1.5,0.5,1.1,1.3,M 1.5/0.5 | C 1.5/0.5 | G 1.1/1.3
bigadder_n18_transpiled-10x10,bigadder_n18_transpiled,10,10,2,9,88.0,88.0,88.0,1,1,0.249696,0.249696,1.4,0.4,1.4,0.4,1.0,1.2,M 1.4/0.4 | C 1.4/0.4 | G 1/1.2
bigadder_n18_transpiled-10x10,bigadder_n18_transpiled,10,10,3,9,88.0,88.0,88.0,1,1,0.362149,0.362149,1.6,0.6,1.6,0.6,1.1,1.3,M 1.6/0.6 | C 1.6/0.6 | G 1.1/1.3
bigadder_n18_transpiled-13x13,bigadder_n18_transpiled,13,13,1,37,88.0,88.0,88.0,1,1,0.132108,0.132108,1.5,0.5,1.5,0.5,0.5,0.8,M 1.5/0.5 | C 1.5/0.5 | G 0.5/0.8
bigadder_n18_transpiled-13x13,bigadder_n18_transpiled,13,13,2,37,88.0,88.0,88.0,1,1,0.13331,0.13331,1.6,0.6,1.6,0.6,0.5,0.8,M 1.6/0.6 | C 1.6/0.6 | G 0.5/0.8
bigadder_n18_transpiled-13x13,bigadder_n18_transpiled,13,13,3,37,88.0,88.0,88.0,1,1,0.135128,0.135128,1.5,0.5,1.5,0.5,0.7,1.0,M 1.5/0.5 | C 1.5/0.5 | G 0.7/1
bigadder_n18_transpiled-14x14,bigadder_n18_transpiled,14,14,1,39,88.0,88.0,88.0,1,1,0.171902,0.171902,1.8,0.7,1.8,0.7,0.6,0.9,M 1.8/0.7 | C 1.8/0.7 | G 0.6/0.9
bigadder_n18_transpiled-14x14,bigadder_n18_transpiled,14,14,2,39,88.0,88.0,88.0,1,1,0.172325,0.172325,1.6,0.6,1.6,0.6,0.5,0.8,M 1.6/0.6 | C 1.6/0.6 | G 0.5/0.8
bigadder_n18_transpiled-14x14,bigadder_n18_transpiled,14,14,3,39,88.0,88.0,88.0,1,1,0.174037,0.174037,1.5,0.5,1.5,0.5,0.5,0.8,M 1.5/0.5 | C 1.5/0.5 | G 0.5/0.8
bigadder_n18_transpiled-60x60,bigadder_n18_transpiled,60,60,1,1,88.0,89.0,89.0,2,1,2.818407,2.176794,1.5,0.5,1.5,0.5,0.8,1.0,M 1.5/0.5 | C 1.5/0.5 | G 0.8/1
bwt_n21-11x11,bwt_n21,11,11,1,1,117800.0,126071.42857142857,122300.0,14,1,799.151235,818.2517237142857,1.6,0.6,1.6,0.6,1.2,1.4,M 1.6/0.6 | C 1.6/0.6 | G 1.2/1.4
bwt_n21-15x15,bwt_n21,15,15,1,1,116400.0,116400.0,116400.0,14,14,568.631845,795.6108021428571,1.6,0.6,1.6,0.6,1.2,1.4,M 1.6/0.6 | C 1.6/0.6 | G 1.2/1.4
cat_n130-25x25,cat_n130,25,25,1,40,129.0,129.0,129.0,13,13,5.24694,19.616970461538465,1.5,0.5,1.5,0.5,0.8,1.0,M 1.5/0.5 | C 1.5/0.5 | G 0.8/1
cat_n130-25x25,cat_n130,25,25,2,40,129.0,129.0,129.0,1,1,16.002511,16.002511,1.8,0.7,1.8,0.7,0.5,0.8,M 1.8/0.7 | C 1.8/0.7 | G 0.5/0.8
cat_n130-25x25,cat_n130,25,25,3,40,129.0,129.0,129.0,1,1,16.700474,16.700474,1.6,0.6,1.6,0.6,0.5,0.8,M 1.6/0.6 | C 1.6/0.6 | G 0.5/0.8
cat_n130-26x26,cat_n130,26,26,1,41,129.0,129.0,129.0,4,4,0.355851,1.3127665,1.55,0.56,1.55,0.56,0.74,1.0,M 1.55/0.56 | C 1.55/0.56 | G 0.74/1
cat_n130-26x26,cat_n130,26,26,2,41,129.0,129.0,129.0,19,19,4.293233,17.252479210526314,1.5,0.5,1.5,0.5,0.8,1.0,M 1.5/0.5 | C 1.5/0.5 | G 0.8/1
cat_n130-26x26,cat_n130,26,26,3,41,129.0,129.0,129.0,1,1,19.16867,19.16867,1.6,0.6,1.6,0.6,0.5,0.8,M 1.6/0.6 | C 1.6/0.6 | G 0.5/0.8
cat_n130-27x27,cat_n130,27,27,1,40,129.0,129.0,129.0,13,13,4.893108,22.292082923076922,1.5,0.5,1.5,0.5,0.8,1.0,M 1.5/0.5 | C 1.5/0.5 | G 0.8/1
cat_n130-27x27,cat_n130,27,27,2,40,129.0,129.0,129.0,1,1,21.508243,21.508243,1.6,0.6,1.6,0.6,0.5,0.8,M 1.6/0.6 | C 1.6/0.6 | G 0.5/0.8
cat_n130-27x27,cat_n130,27,27,3,40,129.0,129.0,129.0,1,1,22.0178,22.0178,1.8,0.7,1.8,0.7,0.6,0.9,M 1.8/0.7 | C 1.8/0.7 | G 0.6/0.9
cat_n130-31x31,cat_n130,31,31,1,41,129.0,129.0,129.0,8,8,0.22034,0.8260952500000001,1.55,0.56,1.55,0.56,0.74,1.0,M 1.55/0.56 | C 1.55/0.56 | G 0.74/1
cat_n130-31x31,cat_n130,31,31,2,41,129.0,129.0,129.0,26,26,1.771417,8.152571538461538,1.5,0.5,1.5,0.5,0.8,1.0,M 1.5/0.5 | C 1.5/0.5 | G 0.8/1
cat_n130-31x31,cat_n130,31,31,3,41,129.0,129.0,129.0,2,2,20.010993,21.6416495,1.8,0.7,1.8,0.7,1.0,1.2,M 1.8/0.7 | C 1.8/0.7 | G 1/1.2
cat_n130-32x32,cat_n130,32,32,1,40,129.0,129.0,129.0,23,23,1.986677,9.331677173913041,1.5,0.5,1.5,0.5,0.8,1.0,M 1.5/0.5 | C 1.5/0.5 | G 0.8/1
cat_n130-32x32,cat_n130,32,32,2,40,129.0,129.0,129.0,1,1,27.985197,27.985197,1.4,0.4,1.4,0.4,1.2,1.4,M 1.4/0.4 | C 1.4/0.4 | G 1.2/1.4
cat_n130-32x32,cat_n130,32,32,3,40,129.0,129.0,129.0,1,1,28.308845,28.308845,1.5,0.5,1.5,0.5,1.2,1.4,M 1.5/0.5 | C 1.5/0.5 | G 1.2/1.4
cat_n130-60x60,cat_n130,60,60,1,1,129.0,129.0,129.0,2,2,23.71704,27.2994085,1.5,0.5,1.5,0.5,0.8,1.0,M 1.5/0.5 | C 1.5/0.5 | G 0.8/1
dnn_n16-9x9,dnn_n16,9,9,1,25,48.0,48.0,48.0,3,3,0.018354,0.24939733333333333,1.55,0.56,1.55,0.56,0.74,1.0,M 1.55/0.56 | C 1.55/0.56 | G 0.74/1
dnn_n16-9x9,dnn_n16,9,9,2,25,48.0,48.0,48.0,3,3,0.122947,0.13360000000000002,1.8,0.7,1.8,0.7,0.5,0.8,M 1.8/0.7 | C 1.8/0.7 | G 0.5/0.8
dnn_n16-9x9,dnn_n16,9,9,3,25,48.0,48.0,48.0,3,3,0.135553,0.13979333333333333,1.6,0.6,1.6,0.6,0.5,0.8,M 1.6/0.6 | C 1.6/0.6 | G 0.5/0.8
dnn_n16-10x10,dnn_n16,10,10,1,22,48.0,48.0,48.0,14,14,0.14866,0.2177692857142857,1.5,0.5,1.5,0.5,0.8,1.0,M 1.5/0.5 | C 1.5/0.5 | G 0.8/1
dnn_n16-10x10,dnn_n16,10,10,2,22,48.0,48.0,48.0,1,1,0.159004,0.159004,1.6,0.6,1.6,0.6,0.7,1.0,M 1.6/0.6 | C 1.6/0.6 | G 0.7/1
dnn_n16-10x10,dnn_n16,10,10,3,22,48.0,48.0,48.0,1,1,0.159052,0.159052,1.8,0.7,1.8,0.7,1.0,1.2,M 1.8/0.7 | C 1.8/0.7 | G 1/1.2
dnn_n16-13x13,dnn_n16,13,13,1,29,48.0,48.0,48.0,3,3,0.019065,0.15178566666666668,1.55,0.56,1.55,0.56,0.74,1.0,M 1.55/0.56 | C 1.55/0.56 | G 0.74/1
dnn_n16-13x13,dnn_n16,13,13,2,29,48.0,48.0,48.0,3,3,0.163987,0.17511200000000002,1.5,0.5,1.5,0.5,0.5,0.8,M 1.5/0.5 | C 1.5/0.5 | G 0.5/0.8
dnn_n16-13x13,dnn_n16,13,13,3,29,48.0,48.0,48.0,3,3,0.165989,0.18137833333333334,1.8,0.7,1.8,0.7,0.5,0.8,M 1.8/0.7 | C 1.8/0.7 | G 0.5/0.8
dnn_n16-60x60,dnn_n16,60,60,1,1,48.0,60.0,60.0,2,1,1.509832,2.2324375,1.5,0.5,1.5,0.5,0.8,1.0,M 1.5/0.5 | C 1.5/0.5 | G 0.8/1
fredkin_n3-4x4,fredkin_n3,4,4,1,40,10.0,10.0,10.0,52,52,0.009352,0.012649173076923075,1.5,0.5,1.5,0.5,0.8,1.0,M 1.5/0.5 | C 1.5/0.5 | G 0.8/1
fredkin_n3-4x4,fredkin_n3,4,4,2,40,10.0,10.0,10.0,4,4,0.009767,0.010016750000000001,1.6,0.6,1.6,0.6,0.5,0.8,M 1.6/0.6 | C 1.6/0.6 | G 0.5/0.8
fredkin_n3-4x4,fredkin_n3,4,4,3,40,10.0,10.0,10.0,4,4,0.009783,0.01040625,1.8,0.7,1.8,0.7,1.0,1.2,M 1.8/0.7 | C 1.8/0.7 | G 1/1.2
fredkin_n3-5x5,fredkin_n3,5,5,1,1,10.0,10.0,10.0,2,2,0.081312,0.091401,1.5,0.5,1.5,0.5,0.8,1.0,M 1.5/0.5 | C 1.5/0.5 | G 0.8/1
fredkin_n3-7x7,fredkin_n3,7,7,1,40,10.0,10.0,10.0,30,30,0.009918,0.0147009,1.5,0.5,1.5,0.5,0.8,1.0,M 1.5/0.5 | C 1.5/0.5 | G 0.8/1
fredkin_n3-7x7,fredkin_n3,7,7,2,40,10.0,10.0,10.0,2,2,0.014422,0.016843999999999998,1.2,0.4,1.2,0.4,0.5,0.8,M 1.2/0.4 | C 1.2/0.4 | G 0.5/0.8
fredkin_n3-7x7,fredkin_n3,7,7,3,40,10.0,10.0,10.0,2,2,0.014457,0.0184715,1.2,0.4,1.2,0.4,0.6,0.9,M 1.2/0.4 | C 1.2/0.4 | G 0.6/0.9
fredkin_n3-8x8,fredkin_n3,8,8,1,40,10.0,10.0,10.0,18,18,0.011281,0.015518444444444442,1.6,0.6,1.6,0.6,1.2,1.4,M 1.6/0.6 | C 1.6/0.6 | G 1.2/1.4
fredkin_n3-8x8,fredkin_n3,8,8,2,40,10.0,10.0,10.0,30,30,0.012184,0.016265966666666666,1.5,0.5,1.5,0.5,0.8,1.0,M 1.5/0.5 | C 1.5/0.5 | G 0.8/1
fredkin_n3-8x8,fredkin_n3,8,8,3,40,10.0,10.0,10.0,2,2,0.017345,0.018393,1.2,0.4,1.2,0.4,1.0,1.2,M 1.2/0.4 | C 1.2/0.4 | G 1/1.2
fredkin_n3-60x60,fredkin_n3,60,60,1,1,10.0,10.0,10.0,2,2,0.344853,0.3651765,1.5,0.5,1.5,0.5,0.8,1.0,M 1.5/0.5 | C 1.5/0.5 | G 0.8/1
ghz_n255-35x35,ghz_n255,35,35,1,40,254.0,254.0,254.0,13,13,89.216313,193.61832515384611,1.5,0.5,1.5,0.5,0.8,1.0,M 1.5/0.5 | C 1.5/0.5 | G 0.8/1
ghz_n255-35x35,ghz_n255,35,35,2,40,254.0,254.0,254.0,1,1,119.36453,119.36453,1.8,0.7,1.8,0.7,0.5,0.8,M 1.8/0.7 | C 1.8/0.7 | G 0.5/0.8
ghz_n255-35x35,ghz_n255,35,35,3,40,254.0,254.0,254.0,1,1,120.507493,120.507493,1.6,0.6,1.6,0.6,0.5,0.8,M 1.6/0.6 | C 1.6/0.6 | G 0.5/0.8
ghz_n255-36x36,ghz_n255,36,36,1,41,254.0,254.0,254.0,8,8,6.026377,14.358244875,1.55,0.56,1.55,0.56,0.74,1.0,M 1.55/0.56 | C 1.55/0.56 | G 0.74/1
ghz_n255-36x36,ghz_n255,36,36,2,41,254.0,254.0,254.0,13,13,73.959466,179.25914176923078,1.5,0.5,1.5,0.5,0.8,1.0,M 1.5/0.5 | C 1.5/0.5 | G 0.8/1
ghz_n255-36x36,ghz_n255,36,36,3,41,254.0,254.0,254.0,1,1,130.195769,130.195769,1.8,0.7,1.8,0.7,0.5,0.8,M 1.8/0.7 | C 1.8/0.7 | G 0.5/0.8
ghz_n255-37x37,ghz_n255,37,37,1,40,254.0,254.0,254.0,13,13,75.919171,198.81052753846157,1.5,0.5,1.5,0.5,0.8,1.0,M 1.5/0.5 | C 1.5/0.5 | G 0.8/1
ghz_n255-37x37,ghz_n255,37,37,2,40,254.0,254.0,254.0,1,1,137.038542,137.038542,1.8,0.7,1.8,0.7,0.5,0.8,M 1.8/0.7 | C 1.8/0.7 | G 0.5/0.8
ghz_n255-37x37,ghz_n255,37,37,3,40,254.0,254.0,254.0,1,1,143.09204,143.09204,1.6,0.6,1.6,0.6,0.5,0.8,M 1.6/0.6 | C 1.6/0.6 | G 0.5/0.8
ghz_n255-38x38,ghz_n255,38,38,1,40,254.0,254.0,254.0,17,17,24.688011,140.57964782352943,1.6,0.6,1.6,0.6,1.2,1.4,M 1.6/0.6 | C 1.6/0.6 | G 1.2/1.4
ghz_n255-38x38,ghz_n255,38,38,2,40,254.0,254.0,254.0,13,13,66.154934,187.81667276923073,1.5,0.5,1.5,0.5,0.8,1.0,M 1.5/0.5 | C 1.5/0.5 | G 0.8/1
ghz_n255-38x38,ghz_n255,38,38,3,40,254.0,254.0,254.0,1,1,152.46772,152.46772,1.8,0.7,1.8,0.7,0.5,0.8,M 1.8/0.7 | C 1.8/0.7 | G 0.5/0.8
ghz_n255-41x41,ghz_n255,41,41,1,40,254.0,254.0,254.0,13,13,8.989042,47.13087238461538,1.5,0.5,1.5,0.5,0.8,1.0,M 1.5/0.5 | C 1.5/0.5 | G 0.8/1
ghz_n255-41x41,ghz_n255,41,41,2,40,254.0,254.0,254.0,17,17,10.903384,49.90613929411764,1.6,0.6,1.6,0.6,1.2,1.4,M 1.6/0.6 | C 1.6/0.6 | G 1.2/1.4
ghz_n255-41x41,ghz_n255,41,41,3,40,254.0,254.0,254.0,1,1,118.082785,118.082785,1.2,0.4,1.2,0.4,1.2,1.4,M 1.2/0.4 | C 1.2/0.4 | G 1.2/1.4
ghz_n255-42x42,ghz_n255,42,42,1,41,254.0,254.0,254.0,8,8,1.192175,7.642752874999999,1.55,0.56,1.55,0.56,0.74,1.0,M 1.55/0.56 | C 1.55/0.56 | G 0.74/1
ghz_n255-42x42,ghz_n255,42,42,2,41,254.0,254.0,254.0,26,26,9.566464,50.790553461538465,1.5,0.5,1.5,0.5,0.8,1.0,M 1.5/0.5 | C 1.5/0.5 | G 0.8/1
ghz_n255-42x42,ghz_n255,42,42,3,41,254.0,254.0,254.0,2,2,132.298851,136.05763000000002,1.2,0.4,1.2,0.4,1.1,1.3,M 1.2/0.4 | C 1.2/0.4 | G 1.1/1.3
ghz_n255-44x44,ghz_n255,44,44,1,40,254.0,254.0,254.0,15,15,11.149106,91.967576,1.5,0.5,1.5,0.5,0.8,1.0,M 1.5/0.5 | C 1.5/0.5 | G 0.8/1
ghz_n255-44x44,ghz_n255,44,44,2,40,254.0,254.0,254.0,1,1,154.116245,154.116245,1.2,0.4,1.2,0.4,1.2,1.4,M 1.2/0.4 | C 1.2/0.4 | G 1.2/1.4
ghz_n255-44x44,ghz_n255,44,44,3,40,254.0,254.0,254.0,1,1,156.573143,156.573143,1.2,0.4,1.2,0.4,1.1,1.3,M 1.2/0.4 | C 1.2/0.4 | G 1.1/1.3
ghz_n255-60x60,ghz_n255,60,60,1,1,254.0,254.0,254.0,2,2,62.023282,91.3029185,1.5,0.5,1.5,0.5,0.8,1.0,M 1.5/0.5 | C 1.5/0.5 | G 0.8/1
hhl_n10-7x7,hhl_n10,7,7,1,1,72039.0,72113.48717948717,72109.0,39,2,281.56221,370.09940276923084,1.5,0.5,1.5,0.5,0.8,1.0,M 1.5/0.5 | C 1.5/0.5 | G 0.8/1
hhl_n10-7x7,hhl_n10,7,7,2,1,72140.0,72150.66666666667,72149.0,3,1,281.838786,285.00591833333334,1.4,0.4,1.4,0.4,1.1,1.3,M 1.4/0.4 | C 1.4/0.4 | G 1.1/1.3
hhl_n10-7x7,hhl_n10,7,7,3,1,72140.0,72150.66666666667,72149.0,3,1,459.345544,477.519425,1.2,0.4,1.2,0.4,1.1,1.3,M 1.2/0.4 | C 1.2/0.4 | G 1.1/1.3
hhl_n10-8x8,hhl_n10,8,8,1,1,72089.0,72144.5294117647,72125.0,17,1,373.314835,266.0270111176471,1.6,0.6,1.6,0.6,1.2,1.4,M 1.6/0.6 | C 1.6/0.6 | G 1.2/1.4
hhl_n10-8x8,hhl_n10,8,8,2,1,72106.0,72109.61538461539,72108.0,13,2,254.931102,363.14093061538466,1.5,0.5,1.5,0.5,0.8,1.0,M 1.5/0.5 | C 1.5/0.5 | G 0.8/1
hhl_n10-8x8,hhl_n10,8,8,3,1,72108.0,72108.0,72108.0,1,1,258.689573,258.689573,1.8,0.7,1.8,0.7,0.5,0.8,M 1.8/0.7 | C 1.8/0.7 | G 0.5/0.8
hhl_n10-10x10,hhl_n10,10,10,1,1,72044.0,72076.0,72076.0,2,1,569.967314,575.4576025,1.5,0.5,1.5,0.5,0.8,1.0,M 1.5/0.5 | C 1.5/0.5 | G 0.8/1
hhl_n10-11x11,hhl_n10,11,11,1,26,72039.0,72039.5,72039.0,4,3,439.370306,447.82853775,1.8,0.7,1.8,0.7,0.5,0.8,M 1.8/0.7 | C 1.8/0.7 | G 0.5/0.8
hhl_n10-11x11,hhl_n10,11,11,2,26,72039.0,72039.5,72039.0,4,3,449.40358,452.2168325,1.8,0.7,1.8,0.7,0.6,0.9,M 1.8/0.7 | C 1.8/0.7 | G 0.6/0.9
hhl_n10-11x11,hhl_n10,11,11,3,26,72039.0,72039.5,72039.0,4,3,449.89075,453.21293749999995,1.6,0.6,1.6,0.6,0.5,0.8,M 1.6/0.6 | C 1.6/0.6 | G 0.5/0.8
hhl_n10-60x60,hhl_n10,60,60,1,1,72039.0,72073.5,72073.5,2,1,205.761646,237.17403050000001,1.5,0.5,1.5,0.5,0.8,1.0,M 1.5/0.5 | C 1.5/0.5 | G 0.8/1
ising_n26-11x11,ising_n26,11,11,1,1,4.0,5.6923076923076925,6.0,13,2,0.077084,0.12592823076923082,1.5,0.5,1.5,0.5,0.8,1.0,M 1.5/0.5 | C 1.5/0.5 | G 0.8/1
ising_n26-11x11,ising_n26,11,11,2,1,6.0,6.0,6.0,1,1,0.110879,0.110879,1.8,0.7,1.8,0.7,0.5,0.8,M 1.8/0.7 | C 1.8/0.7 | G 0.5/0.8
ising_n26-11x11,ising_n26,11,11,3,1,6.0,6.0,6.0,1,1,0.120323,0.120323,1.8,0.7,1.8,0.7,0.7,1.0,M 1.8/0.7 | C 1.8/0.7 | G 0.7/1
ising_n26-12x12,ising_n26,12,12,1,27,4.0,4.666666666666667,4.0,3,2,0.109651,0.151535,1.6,0.6,1.6,0.6,1.0,1.2,M 1.6/0.6 | C 1.6/0.6 | G 1/1.2
ising_n26-12x12,ising_n26,12,12,2,27,4.0,4.666666666666667,4.0,3,2,0.113714,0.15452333333333332,1.8,0.7,1.8,0.7,1.1,1.3,M 1.8/0.7 | C 1.8/0.7 | G 1.1/1.3
ising_n26-12x12,ising_n26,12,12,3,27,4.0,4.666666666666667,4.0,3,2,0.12155,0.15931266666666669,1.5,0.5,1.5,0.5,0.5,0.8,M 1.5/0.5 | C 1.5/0.5 | G 0.5/0.8
ising_n26-15x15,ising_n26,15,15,1,11,4.0,4.0,4.0,3,3,0.013186,0.015828666666666668,1.55,0.56,1.55,0.56,0.74,1.0,M 1.55/0.56 | C 1.55/0.56 | G 0.74/1
ising_n26-15x15,ising_n26,15,15,2,11,4.0,4.0,4.0,2,2,0.224112,0.23982950000000003,1.8,0.7,1.8,0.7,0.7,1.0,M 1.8/0.7 | C 1.8/0.7 | G 0.7/1
ising_n26-15x15,ising_n26,15,15,3,11,4.0,4.0,4.0,2,2,0.236541,0.24196,1.8,0.7,1.8,0.7,0.5,0.8,M 1.8/0.7 | C 1.8/0.7 | G 0.5/0.8
ising_n26-16x16,ising_n26,16,16,1,24,4.0,4.0,4.0,2,2,0.303707,0.3238525,1.6,0.6,1.6,0.6,0.8,1.0,M 1.6/0.6 | C 1.6/0.6 | G 0.8/1
ising_n26-16x16,ising_n26,16,16,2,24,4.0,4.0,4.0,2,2,0.304457,0.3348985,1.2,0.4,1.2,0.4,0.6,0.9,M 1.2/0.4 | C 1.2/0.4 | G 0.6/0.9
ising_n26-16x16,ising_n26,16,16,3,24,4.0,4.0,4.0,2,2,0.305811,0.329177,1.4,0.4,1.4,0.4,0.6,0.9,M 1.4/0.4 | C 1.4/0.4 | G 0.6/0.9
ising_n26-60x60,ising_n26,60,60,1,1,6.0,6.0,6.0,2,2,2.279476,2.500382,1.5,0.5,1.5,0.5,0.8,1.0,M 1.5/0.5 | C 1.5/0.5 | G 0.8/1
qaoa_n6_transpiled-5x5,qaoa_n6_transpiled,5,5,1,1,33.0,34.73076923076923,33.0,26,16,0.017882,0.027807153846153843,1.5,0.5,1.5,0.5,0.8,1.0,M 1.5/0.5 | C 1.5/0.5 | G 0.8/1
qaoa_n6_transpiled-5x5,qaoa_n6_transpiled,5,5,2,1,36.0,36.0,36.0,1,1,0.025283,0.025283,1.8,0.7,1.8,0.7,0.8,1.0,M 1.8/0.7 | C 1.8/0.7 | G 0.8/1
qaoa_n6_transpiled-5x5,qaoa_n6_transpiled,5,5,3,1,36.0,36.0,36.0,1,1,0.026245,0.026245,1.6,0.6,1.6,0.6,0.6,0.9,M 1.6/0.6 | C 1.6/0.6 | G 0.6/0.9
qaoa_n6_transpiled-6x6,qaoa_n6_transpiled,6,6,1,10,33.0,33.0,33.0,2,2,0.030732,0.0309035,1.2,0.4,1.2,0.4,1.1,1.3,M 1.2/0.4 | C 1.2/0.4 | G 1.1/1.3
qaoa_n6_transpiled-6x6,qaoa_n6_transpiled,6,6,2,10,33.0,33.0,33.0,2,2,0.030933,0.031016000000000002,1.2,0.4,1.2,0.4,1.2,1.4,M 1.2/0.4 | C 1.2/0.4 | G 1.2/1.4
qaoa_n6_transpiled-6x6,qaoa_n6_transpiled,6,6,3,10,33.0,35.888888888888886,33.0,27,14,0.019352,0.034982481481481476,1.5,0.5,1.5,0.5,0.8,1.0,M 1.5/0.5 | C 1.5/0.5 | G 0.8/1
qaoa_n6_transpiled-9x9,qaoa_n6_transpiled,9,9,1,40,33.0,33.0,33.0,20,20,0.01502,0.0230011,1.6,0.6,1.6,0.6,1.2,1.4,M 1.6/0.6 | C 1.6/0.6 | G 1.2/1.4
qaoa_n6_transpiled-9x9,qaoa_n6_transpiled,9,9,2,40,33.0,33.0,33.0,60,60,0.017925,0.02936965,1.5,0.5,1.5,0.5,0.8,1.0,M 1.5/0.5 | C 1.5/0.5 | G 0.8/1
qaoa_n6_transpiled-9x9,qaoa_n6_transpiled,9,9,3,40,33.0,33.0,33.0,4,4,0.030934,0.032514,1.2,0.4,1.2,0.4,1.2,1.4,M 1.2/0.4 | C 1.2/0.4 | G 1.2/1.4
qaoa_n6_transpiled-60x60,qaoa_n6_transpiled,60,60,1,1,33.0,33.0,33.0,2,2,0.550309,0.563617,1.5,0.5,1.5,0.5,0.8,1.0,M 1.5/0.5 | C 1.5/0.5 | G 0.8/1
qft_20-10x10,qft_20,10,10,1,5,145.0,156.33333333333334,148.0,3,1,0.607343,0.7300453333333333,1.6,0.6,1.6,0.6,0.7,1.0,M 1.6/0.6 | C 1.6/0.6 | G 0.7/1
qft_20-10x10,qft_20,10,10,2,5,145.0,156.33333333333334,148.0,3,1,0.622362,0.7542599999999999,1.8,0.7,1.8,0.7,0.7,1.0,M 1.8/0.7 | C 1.8/0.7 | G 0.7/1
qft_20-10x10,qft_20,10,10,3,5,145.0,156.33333333333334,148.0,3,1,0.665298,0.776015,1.5,0.5,1.5,0.5,0.7,1.0,M 1.5/0.5 | C 1.5/0.5 | G 0.7/1
qft_20-11x11,qft_20,11,11,1,5,152.0,152.0,152.0,1,1,0.718895,0.718895,1.8,0.7,1.8,0.7,0.5,0.8,M 1.8/0.7 | C 1.8/0.7 | G 0.5/0.8
qft_20-11x11,qft_20,11,11,2,5,152.0,152.0,152.0,1,1,0.740726,0.740726,1.6,0.6,1.6,0.6,0.5,0.8,M 1.6/0.6 | C 1.6/0.6 | G 0.5/0.8
qft_20-11x11,qft_20,11,11,3,5,152.0,152.0,152.0,1,1,0.769933,0.769933,1.5,0.5,1.5,0.5,0.5,0.8,M 1.5/0.5 | C 1.5/0.5 | G 0.5/0.8
qft_20-13x13,qft_20,13,13,1,1,197.0,197.0,197.0,1,1,2.317601,2.317601,1.5,0.5,1.5,0.5,0.8,1.0,M 1.5/0.5 | C 1.5/0.5 | G 0.8/1
qft_20-14x14,qft_20,14,14,1,1,91.0,97.16666666666667,95.0,6,1,0.039817,0.6382043333333333,1.55,0.56,1.55,0.56,0.74,1.0,M 1.55/0.56 | C 1.55/0.56 | G 0.74/1
qft_20-14x14,qft_20,14,14,2,1,93.0,97.57692307692308,95.0,26,4,0.136533,0.4259351538461538,1.5,0.5,1.5,0.5,0.8,1.0,M 1.5/0.5 | C 1.5/0.5 | G 0.8/1
qft_20-14x14,qft_20,14,14,3,1,98.0,111.5,111.5,2,1,0.337438,0.355795,1.2,0.4,1.2,0.4,0.8,1.0,M 1.2/0.4 | C 1.2/0.4 | G 0.8/1
qft_20-15x15,qft_20,15,15,1,5,90.0,96.0,96.0,2,1,0.409982,0.4149575,1.8,0.7,1.8,0.7,0.7,1.0,M 1.8/0.7 | C 1.8/0.7 | G 0.7/1
qft_20-15x15,qft_20,15,15,2,5,90.0,96.0,96.0,2,1,0.410574,0.416779,1.5,0.5,1.5,0.5,0.7,1.0,M 1.5/0.5 | C 1.5/0.5 | G 0.7/1
qft_20-15x15,qft_20,15,15,3,5,90.0,96.0,96.0,2,1,0.414804,0.4235825,1.4,0.4,1.4,0.4,0.7,1.0,M 1.4/0.4 | C 1.4/0.4 | G 0.7/1
qft_20-60x60,qft_20,60,60,1,1,95.0,147.5,147.5,2,1,2.183824,4.0715295,1.5,0.5,1.5,0.5,0.8,1.0,M 1.5/0.5 | C 1.5/0.5 | G 0.8/1
qft_n18-9x9,qft_n18,9,9,1,5,122.0,122.0,122.0,1,1,0.3647,0.3647,1.8,0.7,1.8,0.7,0.5,0.8,M 1.8/0.7 | C 1.8/0.7 | G 0.5/0.8
qft_n18-9x9,qft_n18,9,9,2,5,122.0,122.0,122.0,1,1,0.375596,0.375596,1.6,0.6,1.6,0.6,0.5,0.8,M 1.6/0.6 | C 1.6/0.6 | G 0.5/0.8
qft_n18-9x9,qft_n18,9,9,3,5,122.0,122.0,122.0,1,1,0.4047,0.4047,1.5,0.5,1.5,0.5,0.5,0.8,M 1.5/0.5 | C 1.5/0.5 | G 0.5/0.8
qft_n18-10x10,qft_n18,10,10,1,15,117.0,133.33333333333334,134.0,3,1,0.477966,0.45009533333333335,1.5,0.5,1.5,0.5,1.1,1.3,M 1.5/0.5 | C 1.5/0.5 | G 1.1/1.3
qft_n18-10x10,qft_n18,10,10,2,15,117.0,133.33333333333334,134.0,3,1,0.48662,0.4416876666666667,1.5,0.5,1.5,0.5,1.2,1.4,M 1.5/0.5 | C 1.5/0.5 | G 1.2/1.4
qft_n18-10x10,qft_n18,10,10,3,15,117.0,133.33333333333334,134.0,3,1,0.495103,0.44353333333333333,1.6,0.6,1.6,0.6,1.0,1.2,M 1.6/0.6 | C 1.6/0.6 | G 1/1.2
qft_n18-12x12,qft_n18,12,12,1,1,186.0,186.0,186.0,1,1,1.253622,1.253622,1.5,0.5,1.5,0.5,0.8,1.0,M 1.5/0.5 | C 1.5/0.5 | G 0.8/1
qft_n18-13x13,qft_n18,13,13,1,2,83.0,87.66666666666667,90.0,3,1,0.03354,0.43365833333333326,1.55,0.56,1.55,0.56,0.74,1.0,M 1.55/0.56 | C 1.55/0.56 | G 0.74/1
qft_n18-13x13,qft_n18,13,13,2,2,83.0,93.45454545454545,90.0,22,4,0.177329,0.2797482272727273,1.5,0.5,1.5,0.5,0.8,1.0,M 1.5/0.5 | C 1.5/0.5 | G 0.8/1
qft_n18-13x13,qft_n18,13,13,3,2,105.0,105.0,105.0,1,1,0.274082,0.274082,1.8,0.7,1.8,0.7,0.7,1.0,M 1.8/0.7 | C 1.8/0.7 | G 0.7/1
qft_n18-14x14,qft_n18,14,14,1,1,81.0,87.0,86.0,22,4,0.220111,0.3161265909090909,1.5,0.5,1.5,0.5,0.8,1.0,M 1.5/0.5 | C 1.5/0.5 | G 0.8/1
qft_n18-14x14,qft_n18,14,14,2,1,93.0,93.0,93.0,1,1,0.307633,0.307633,1.2,0.4,1.2,0.4,0.9,1.1,M 1.2/0.4 | C 1.2/0.4 | G 0.9/1.1
qft_n18-14x14,qft_n18,14,14,3,1,93.0,93.0,93.0,1,1,0.30839,0.30839,1.4,0.4,1.4,0.4,0.9,1.1,M 1.4/0.4 | C 1.4/0.4 | G 0.9/1.1
qft_n18-60x60,qft_n18,60,60,1,1,82.0,125.0,125.0,2,1,1.826597,3.242128,1.5,0.5,1.5,0.5,0.8,1.0,M 1.5/0.5 | C 1.5/0.5 | G 0.8/1
toffoli_n3-4x4,toffoli_n3,4,4,1,40,11.0,11.0,11.0,20,20,0.00864,0.01201085,1.6,0.6,1.6,0.6,1.2,1.4,M 1.6/0.6 | C 1.6/0.6 | G 1.2/1.4
toffoli_n3-4x4,toffoli_n3,4,4,2,40,11.0,11.0,11.0,4,4,0.009448,0.0103105,1.5,0.5,1.5,0.5,1.2,1.4,M 1.5/0.5 | C 1.5/0.5 | G 1.2/1.4
toffoli_n3-4x4,toffoli_n3,4,4,3,40,11.0,11.0,11.0,4,4,0.009688,0.013493,1.8,0.7,1.8,0.7,1.2,1.4,M 1.8/0.7 | C 1.8/0.7 | G 1.2/1.4
toffoli_n3-5x5,toffoli_n3,5,5,1,1,11.0,11.0,11.0,2,2,0.18436,0.208882,1.5,0.5,1.5,0.5,0.8,1.0,M 1.5/0.5 | C 1.5/0.5 | G 0.8/1
toffoli_n3-7x7,toffoli_n3,7,7,1,40,11.0,11.0,11.0,30,30,0.010446,0.015301299999999999,1.5,0.5,1.5,0.5,0.8,1.0,M 1.5/0.5 | C 1.5/0.5 | G 0.8/1
toffoli_n3-7x7,toffoli_n3,7,7,2,40,11.0,11.0,11.0,2,2,0.013743,0.014770499999999999,1.2,0.4,1.2,0.4,0.5,0.8,M 1.2/0.4 | C 1.2/0.4 | G 0.5/0.8
toffoli_n3-7x7,toffoli_n3,7,7,3,40,11.0,11.0,11.0,2,2,0.013903,0.014138000000000001,1.6,0.6,1.6,0.6,1.1,1.3,M 1.6/0.6 | C 1.6/0.6 | G 1.1/1.3
toffoli_n3-8x8,toffoli_n3,8,8,1,40,11.0,11.0,11.0,18,18,0.009362,0.015222444444444446,1.6,0.6,1.6,0.6,1.2,1.4,M 1.6/0.6 | C 1.6/0.6 | G 1.2/1.4
toffoli_n3-8x8,toffoli_n3,8,8,2,40,11.0,11.0,11.0,30,30,0.010647,0.015434900000000001,1.5,0.5,1.5,0.5,0.8,1.0,M 1.5/0.5 | C 1.5/0.5 | G 0.8/1
toffoli_n3-8x8,toffoli_n3,8,8,3,40,11.0,11.0,11.0,2,2,0.016659,0.024483500000000002,1.6,0.6,1.6,0.6,0.9,1.1,M 1.6/0.6 | C 1.6/0.6 | G 0.9/1.1
toffoli_n3-60x60,toffoli_n3,60,60,1,1,11.0,11.0,11.0,2,2,0.372127,0.38473199999999996,1.5,0.5,1.5,0.5,0.8,1.0,M 1.5/0.5 | C 1.5/0.5 | G 0.8/1
vqe_uccsd_n8-7x7,vqe_uccsd_n8,7,7,1,1,5446.0,5450.9375,5446.0,16,9,0.406157,1.1765113125,1.6,0.6,1.6,0.6,1.2,1.4,M 1.6/0.6 | C 1.6/0.6 | G 1.2/1.4
vqe_uccsd_n8-10x10,vqe_uccsd_n8,10,10,1,1,5446.0,5447.25,5446.0,16,12,0.334106,0.9963161249999999,1.6,0.6,1.6,0.6,1.2,1.4,M 1.6/0.6 | C 1.6/0.6 | G 1.2/1.4
wstate_n27-11x11,wstate_n27,11,11,1,17,28.0,28.0,28.0,13,13,0.069201,0.1289143076923077,1.5,0.5,1.5,0.5,0.8,1.0,M 1.5/0.5 | C 1.5/0.5 | G 0.8/1
wstate_n27-11x11,wstate_n27,11,11,2,17,28.0,28.0,28.0,1,1,0.124345,0.124345,1.8,0.7,1.8,0.7,0.7,1.0,M 1.8/0.7 | C 1.8/0.7 | G 0.7/1
wstate_n27-11x11,wstate_n27,11,11,3,17,28.0,28.0,28.0,1,1,0.125222,0.125222,1.6,0.6,1.6,0.6,0.5,0.8,M 1.6/0.6 | C 1.6/0.6 | G 0.5/0.8
wstate_n27-12x12,wstate_n27,12,12,1,36,28.0,28.0,28.0,8,8,0.015848,0.08511375,1.55,0.56,1.55,0.56,0.74,1.0,M 1.55/0.56 | C 1.55/0.56 | G 0.74/1
wstate_n27-12x12,wstate_n27,12,12,2,36,28.0,28.0,28.0,3,3,0.106791,0.14096299999999998,1.6,0.6,1.6,0.6,0.6,0.9,M 1.6/0.6 | C 1.6/0.6 | G 0.6/0.9
wstate_n27-12x12,wstate_n27,12,12,3,36,28.0,28.0,28.0,3,3,0.114266,0.139097,1.6,0.6,1.6,0.6,0.5,0.8,M 1.6/0.6 | C 1.6/0.6 | G 0.5/0.8
wstate_n27-16x16,wstate_n27,16,16,1,41,28.0,28.0,28.0,4,4,0.012933,0.03783575,1.55,0.56,1.55,0.56,0.74,1.0,M 1.55/0.56 | C 1.55/0.56 | G 0.74/1
wstate_n27-16x16,wstate_n27,16,16,2,41,28.0,28.0,28.0,38,38,0.078891,0.1922401052631579,1.5,0.5,1.5,0.5,0.8,1.0,M 1.5/0.5 | C 1.5/0.5 | G 0.8/1
wstate_n27-16x16,wstate_n27,16,16,3,41,28.0,28.0,28.0,2,2,0.299299,0.3385475,1.8,0.7,1.8,0.7,0.5,0.8,M 1.8/0.7 | C 1.8/0.7 | G 0.5/0.8
wstate_n27-60x60,wstate_n27,60,60,1,1,28.0,29.0,29.0,2,1,2.292476,2.592713,1.5,0.5,1.5,0.5,0.8,1.0,M 1.5/0.5 | C 1.5/0.5 | G 0.8/1
